year,wardno,totalpop,totalmale,totalfemale,totalcaste,malecaste,femalecaste,totaltribes,maletribes,femaletribes,totalliterates,maleliterates,femaleliterates,totalillerates,maleilliterates,femaleilliterates
2031,1,43671.66982,22836.27707,20814.00542,8216,4202,3847.176871,1550.933594,821.2838745,728.3948364,34844.38281,18502.15027,16041.00977,9079.90933,4483.877396,5347.16303
2031,2,24304.85549,12446.87501,11092.57912,2757,1160,1442.86014,171.2236786,127.4676361,75.17150116,20769.18555,10592.79725,9606.758789,5880.028647,2703.65273,3377.73459
2031,3,22940.52774,11728.53096,11481.06545,3985,2220,2468.892384,256.9530029,137.0111542,115.2479477,17797.33984,9593.250579,8528.603516,5064.62217,2327.843868,2963.929754
2031,4,25387.5886,13199.80375,12310.20996,3478,1744,1730.187536,513.9227295,269.4317322,245.0529785,20462.04883,11021.4216,9638.564453,4179.939781,2033.822263,2278.334908
2031,5,18599.95953,9473.769519,9081.408381,5611,2801,2651.927232,246.9832764,121.6980057,123.847084,14283.00195,7646.657346,6827.591309,4266.239259,1986.66086,2478.464862
2031,6,27554.52073,15374.40856,11769.18911,5419,2885,2427.938106,563.0105591,376.3993835,186.3665771,20555.01758,12375.59714,8155.989746,5883.466917,2695.352543,3072.330931
2031,7,33634.7378,17360.0338,16086.0731,5560,2795,2679.334428,276.0986328,147.677124,128.600174,26833.02344,13945.30889,12587.60156,6683.321239,3387.58721,4039.101584
2031,8,36670.31183,20154.79419,17460.34877,3132,1607,2032.128975,291.8761902,143.0717316,134.9481659,28267.2168,14756.45687,12276.24902,8230.642301,4495.699028,5139.89031
2031,9,24435.07663,13196.06677,11310.77984,3269,1694,1652.666037,364.1064453,199.1851349,163.6376648,18582.76367,10405.696,8326.003906,5723.066105,2931.422553,3268.211832
2031,10,25077.56139,12984.07307,12132.85053,2482,1249,1321.500131,127.8038559,67.8916626,59.43803406,19711.23633,10477.46733,9150.931641,5064.62217,2371.897107,2773.175155
2031,11,32600.5116,17366.76867,15832.29405,3542,1833,2214.4645,358.7676697,178.4078979,174.8809814,26787.77734,13507.51636,12516.93945,6254.124113,2990.27583,3423.154696
2031,12,25327.48138,13276.17058,11811.22569,2074,1047,1009.137936,270.1070557,145.9563293,126.1219025,21215.90039,11162.27147,9914.770508,4728.165357,2451.13484,2614.952047
2031,13,25894.54718,13321.09346,12612.88507,1591,804,795.3730417,99.92797089,57.3183136,43.42935562,21294.82227,11405.2143,10150.33008,4165.337983,2039.338968,2154.420741
2031,14,18926.04818,9483.121237,9216.191607,4025,2006,1955.248,233.0518036,134.4718475,100.1192398,15212.01758,7968.992722,7300.224609,3139.524767,1453.456236,1875.703073
2031,15,17372.04544,8766.228187,8542.774571,4036,1987,2006.200897,196.9296722,97.47303772,97.73000336,14252.45801,8005.447272,6775.609375,2602.42301,1223.024233,1522.696968
2031,16,15399.34071,7956.886501,7569.488213,4036,1973,2013.321577,372.6705017,184.1522369,188.5998688,12419.7832,6641.962488,5873.521973,3351.933279,1594.856002,1924.895666
2031,17,15941.46303,8213.06495,7887.599434,4740,2218,1871.482816,116.5389481,79.57701874,59.19958115,13158.18262,6269.310242,6323.656738,3370.04355,1726.900513,2326.789411
2031,18,14653.90027,7361.656119,7047.485054,4466,2218,2195.511404,68.045578,37.10700607,30.61192131,11288.74512,5767.65762,5294.637207,3701.451626,1790.231991,2375.522007
2031,19,17685.4998,9114.73408,8523.425143,3618,1808,1752.166421,113.0473633,59.91817856,53.26158142,12960.10547,6947.917785,5994.786621,4803.784288,2275.270274,2873.211699
2031,20,17705.34626,9051.674,8785.136014,6187,3071,3041.841334,144.1539307,75.60912323,65.68930817,13285.8125,7068.443277,6013.428711,5055.254438,2253.018204,2966.725754
2031,21,17495.64602,9068.644169,8091.462938,3225,1607,1560.143794,303.8456726,157.9469757,146.0674133,13665.4209,7308.280292,6215.562988,3975.369977,1853.831576,2366.415198
2031,22,18115.64854,9274.78491,9141.073008,5011,2532,2405.343624,224.9535065,109.4890213,114.1522903,13357.22852,6965.431861,6202.8125,4542.94469,2017.259389,2657.549635
2031,23,15656.83922,7615.129484,8063.734942,1698,839,896.6233674,607.960144,283.6798401,323.5775452,12859.8125,6510.317607,6515.663086,2753.017871,1315.61103,1571.403397
2031,24,18120.56905,8908.856761,8859.830039,3466,1667,1882.789361,187.8230133,89.41660309,100.4095764,14803.98145,7837.328412,7336.644531,2968.624463,1357.123506,1694.175162
2031,25,16095.94588,8133.654147,7869.631131,3748,1828,1884.34024,226.4041748,110.7158737,116.9625702,12771.66797,6619.288742,6016.685059,3144.744216,1377.323304,2151.632017
2031,26,15700.25648,7785.754061,7784.415035,4466,2220,2236.391276,277.3053589,144.7241364,138.0818329,13471.95898,6586.612649,6280.855469,2629.581333,1347.495616,1662.688993
2031,27,17664.76083,9190.718207,9020.058133,2016,1029,1032.747188,359.3545837,187.2411194,172.2641602,14806.96582,7542.191369,7215.734375,2822.090639,1332.655359,1694.175162
2031,28,32243.95542,16759.68989,15168.27725,2791,1415,1283.519691,293.8418884,155.5800476,135.8125305,24913.10547,13322.95263,11379.92773,6846.901073,3374.083821,4166.24899
2031,29,23607.38991,12240.93197,11412.24456,2198,1137,841.9603178,983.9697266,498.4460144,485.7132263,18958.54688,10047.22867,8841.427734,5032.471298,2475.761408,3079.791006
2031,30,24840.37566,12676.54239,12235.52963,3542,1802,1751.922027,425.9585571,221.7292023,203.1261292,17949.90039,9889.353932,8407.419922,6537.000095,3071.652147,3537.959962
2031,31,15061.91599,7447.298687,7497.596632,967,501,491.1962735,57.01046371,29.43765259,27.16032982,13421.05664,6714.708885,6743.442383,1645.12732,900.2043664,1003.594412
2031,32,18204.23901,9197.985967,9133.520418,4653,2321,2195.294923,532.8640137,282.4797363,249.1990967,14766.31543,7643.142212,6998.220703,2847.851984,1332.383661,1852.296319
2031,33,19642.61889,10171.53754,9640.235915,2268,1130,1106.083324,277.0029602,135.9981689,141.704483,15614.2627,8326.670665,7296.856445,4950.436375,1873.516816,2763.446041
2031,34,14708.60152,7405.629629,7398.844075,1650,838,756.2664993,116.8431625,64.97998047,51.34796143,13360.2002,6782.827654,6652.196289,1612.12533,737.358629,913.9388355
2031,35,14586.34164,7430.557251,6927.897879,938,530,389.4924137,236.9894104,141.293808,95.15623474,13176.12305,6653.971093,6239.327637,1779.9694,836.2697512,932.0767201
2031,36,12823.21872,6590.263808,6348.231715,2251,1124,1134.347804,151.0357666,77.95478821,73.46665192,9671.249023,5160.118661,4602.074219,2777.36796,1093.684555,1648.209143
2031,37,14854.90268,7606.394944,7331.99698,5398,2718,2736.431507,349.9324036,186.7962799,161.8728638,11400.98926,6182.561665,5113.87793,3962.426263,1657.410408,2337.803779
2031,38,14222.62173,7002.530676,7198.338828,4740,2362,2356.519043,222.9901123,110.0554504,112.8922501,10685.53125,5683.575256,5058.428223,3465.357202,1545.085893,2062.702756
2031,39,14513.95575,7293.120579,7194.377198,2883,1420,1418.541965,251.0884552,140.9534912,111.2424545,11545.26172,6201.94742,5654.314453,2642.990654,1304.91024,1616.898777
2031,40,14708.57486,7581.177336,7173.331421,2463,1439,1309.670993,209.1840057,126.6360703,84.97947693,11922.73633,5717.271188,5663.927246,3326.108212,1618.391795,1967.96999
2031,41,19233.73497,10081.38737,9077.462533,2409,1143,896.8242175,238.9592896,129.3434143,134.7832794,15495.09668,7405.345952,6673.879395,4138.102546,2139.274903,2861.294512
2031,42,40413.59672,21418.79848,19030.34872,3539,1833,1872.842191,454.0709839,237.3500061,216.8847351,32116.79883,17019.48431,14857.83398,8775.61284,4643.244183,4872.302777
2031,43,29515.92798,15214.67271,14229.0446,6898,3503,3356.990351,397.9763794,204.7716675,194.2154236,20250.66797,11089.71523,8930.452148,9377.008566,4222.668641,5627.506568
2031,44,27046.63319,14256.25199,12960.65719,5893,2933,2746.886826,289.0843811,157.2458344,131.3470612,21434.45117,11462.46237,9798.641602,6028.148342,2730.913496,3462.546417
2031,45,30010.2639,15355.16907,14518.8451,5752,2866,2692.257839,246.0979309,129.4606476,116.2153931,23953.55078,12858.34999,11013.00684,6102.866019,2943.834934,3658.481727
2031,46,14948.22118,7370.357,7503.048904,1888,959,972.3013509,186.1221161,112.300354,76.04152679,12983.8916,7008.740308,6413.194824,1704.142976,823.9383014,1003.316924
2031,47,14417.6743,7306.786563,7164.168319,1681,919,1099.315926,251.9522858,160.6042175,124.797493,11376.94434,5841.406353,5625.46875,2807.556789,1076.690829,1703.43883
2031,48,16582.1541,8152.019548,8257.232038,1821,886,774.6556986,146.1091003,67.41212463,80.46377563,13840.375,7189.615167,6758.401367,2545.066618,1171.97548,1443.55285
2031,49,18983.92289,9645.321165,9269.707912,4612,2312,2323.913387,148.0687256,73.44256592,75.79566193,13783.04199,7754.522801,6147.174316,5195.534105,2106.379121,2721.270477
2031,50,15497.07317,7874.820176,7811.248384,179,92,266.4030423,126.9300003,59.74935532,65.51089478,13774.27246,6727.029884,6906.279785,2144.991091,1070.316241,1307.579489
2031,51,13458.41357,6768.506512,7046.537005,118,54,135.5018522,31.07289886,13.55816174,18.46321678,12564.05859,6471.974317,6395.770508,1349.624755,709.9202634,700.7869558
2031,52,11957.5838,5929.933985,6182.950248,122,65,85.64907086,304.9620972,159.7621307,145.0725861,10788.08594,5404.646964,5487.409668,1511.796869,756.1744427,772.9330643
2031,53,15137.66028,7779.073525,7603.034821,3003,1470,1487.872962,218.9936829,105.1586151,113.8813629,13696.92871,7059.640893,6444.75,2443.357459,958.4952547,1469.867554
2031,54,16601.91188,8441.201438,8406.348056,1809,933,898.8418565,117.2201309,65.13819885,52.47963333,11614.19531,6122.011825,5181.624512,5537.273519,2259.015796,3228.377349
2031,55,13866.83,7075.106901,6809.031782,1750,848,949.651517,142.8943176,73.68650055,67.05001068,11122.9209,5890.761132,5236.646484,3307.617375,1320.972907,2116.710938
2031,56,15641.05929,7708.10363,7775.442539,658,328,342.0869285,83.06404877,45.5361824,38.84860992,13475.99121,6716.540455,6871.440918,1745.982419,870.5078417,1015.015333
2031,57,18258.70264,9302.987327,9039.886139,1845,939,993.7274128,169.3852081,90.94548035,79.52932739,13548.93164,7593.451624,6076.901367,4457.254992,2005.403655,2757.163676
2031,58,19686.45316,10092.47952,9747.498323,951,498,496.040018,80.58929443,44.79119873,35.45050812,17487.73438,9136.998141,8224.972656,2764.308242,1320.972907,1453.101617
2031,59,29169.11726,15365.18097,14065.97829,2471,1266,1386.050645,280.1566467,145.3643494,137.0460358,21209.30469,12264.93835,9406.43457,7871.508537,3671.508988,4494.168294
2031,60,19306.02068,9912.147097,9522.378064,1820,917,819.2169921,97.26145935,54.10118484,41.74873352,15271.25781,7984.719181,7421.545898,4196.042721,1933.299291,2133.355777
2031,61,34860.2471,18150.53435,17203.53083,1881,987,1007.610466,305.039917,158.5311584,132.9392395,32776.69922,16146.3067,16439.61133,7599.365885,3374.238888,3911.419646
2031,62,33282.91827,17172.48042,16185.50651,1765,925,844.4891725,183.8421173,103.7363739,82.63154602,27816.09375,14563.14014,13406.54395,5512.742025,2717.686313,3022.728383
2031,63,18916.47762,10047.7698,9049.667085,1754,912,837.2805408,146.7304077,79.9254837,67.94831085,15429.86523,8179.27831,7167.354492,3175.83873,1546.916057,1781.179466
2031,64,19516.19972,9892.05223,9935.794999,970,510,499.0436326,311.9909668,154.8327942,156.9038391,17064.41211,8803.681533,8298.892578,2741.271449,1530.471567,1762.213122
2031,65,13728.22921,6877.567487,7020.61466,837,436,508.857943,25.07813263,15.90891457,9.68829155,11865.06348,6176.140424,5912.554688,1381.187111,801.9168811,832.6556849
2031,66,17328.81664,8820.083672,8281.759244,647,319,290.7000172,95.9589386,54.66199493,41.05402756,14856.25684,7324.258971,7433.551758,2443.357459,1257.758576,1331.232263
2031,67,13053.83033,6179.257415,6889.958734,489,217,281.7665378,64.85066986,26.49624634,35.63963318,11476.56836,5715.121362,5994.283203,1559.523851,727.4820794,1051.954476
2031,68,12753.30511,6394.592435,6341.302364,1381,670,687.1856417,86.06359863,41.26600647,45.72216797,10682.36621,5399.529219,5320.755371,1935.754429,881.6836128,1160.093658
2031,69,12790.93862,6239.434419,6459.793614,90,43,42.87306878,18.1245594,8.851294518,8.92047596,11363.72461,5706.929,5837.782227,1116.063485,573.1500314,556.1363458
2031,70,11492.66995,5591.691927,5859.321231,86,90,140.702688,33.63495636,16.65062523,25.07990074,10156.88672,5012.377608,4947.318359,1236.229647,578.1348696,631.1894521
2031,71,12305.58767,5896.539357,6698.757426,489,113,308.0160243,27.03454018,11.59131718,15.33061981,10554.25879,5354.074813,5086.265625,2278.526405,702.1787387,1698.097181
2031,72,14809.27992,7626.482141,7866.884053,69,31,97.15704972,151.8549347,72.10345459,89.4365387,13467.09473,6933.652783,6132.235352,1938.731362,884.1810878,1258.178824
2031,73,15500.51223,7842.736771,7822.700251,800,391,501.1641362,131.8710022,66.28109741,66.37866211,13829.41016,6971.620666,6789.265137,2101.646612,929.6335063,1282.126372
2031,74,15606.03913,7609.923594,7865.414706,5509,2644,2664.789912,102.1096725,59.01654053,43.00757599,12534.69629,6642.666985,6079.991699,2772.651255,1244.196387,1852.949041
2031,75,14662.03812,7416.356318,7151.853674,2016,1033,1243.165551,14.04591942,6.939846039,3.559685707,13259.45117,6124.367807,6275.367188,2684.948821,1095.410141,1479.168904
2031,76,17072.31031,8870.013082,8298.486276,3044,1439,1327.037552,41.72237015,24.41937637,10.98773766,13424.48828,6995.011057,6173.625977,4722.145049,2106.379121,2651.253529
2031,77,17096.24103,8669.61974,8409.65664,943,467,482.9671379,92.08560944,40.5571022,51.49371338,13953.48438,7068.443277,6730.894531,3442.263271,1453.772018,2041.648159
2031,78,14668.80973,7323.853367,7406.628091,1366,735,741.0144195,36.08239365,25.37566376,14.71786022,12497.03027,6660.804241,6178.232422,2617.642306,1261.315496,1574.623619
2031,79,13543.07546,6750.020708,6700.780687,169,80,44.2270271,93.07313538,55.11157608,38.41288376,11765.19922,5995.429909,5754.681641,2053.702973,911.7358721,1186.536476
2031,80,13315.61297,6620.845817,6745.007875,145,73,119.3970205,17.039505,11.0493269,6.21175909,12301.26855,6271.683456,6044.24707,1587.650275,716.9825952,910.7779133
2031,81,12908.76891,6487.740835,6653.500733,2483,1184,1259.495066,92.97638702,41.12195587,51.14638901,11143.21777,5670.721638,5488.639648,2050.257634,861.4172814,1221.023385
2031,82,13993.74063,6998.809922,7096.362895,665,467,346.5971517,129.2475739,63.83919907,53.28928757,12185.83203,6201.94742,5942.733887,1967.809568,968.7782437,1165.988301
2031,83,12554.53613,6305.975768,6378.456257,1523,754,785.8966613,123.1020584,64.14733887,58.16087723,10522.89844,5343.34184,5137.97168,1985.402764,973.8682287,1240.805606
2031,84,17525.76736,8611.518947,8821.154872,951,498,492.4411526,85.83989716,48.76512146,37.79542923,15060.20215,7431.958743,6732.339355,4077.517324,1359.624657,2451.054382
2031,85,15441.87043,7749.773069,7716.799524,3973,1893,2137.451659,47.99745941,23.66642189,23.57465172,11940.70605,6363.622539,5688.554199,3880.199696,1624.331614,2424.285633
2031,86,18762.67225,9114.706556,9101.286687,4719,2220,2362.154452,133.6340027,73.27878571,60.14368439,13393.49512,7010.675526,6513.231445,5126.581368,2247.162705,3138.886146
2031,87,14751.56399,7621.740693,7367.247944,2074,1033,1062.129049,56.62528992,29.13085365,27.61261368,11115.86133,5738.068928,5225.117188,3650.509205,1779.078821,2070.862036
2031,88,18187.58208,9101.295523,8774.103364,7899,3860,3838.934407,21.0952816,10.99947453,11.36562347,13248.64648,7179.090988,6183.954102,4908.244928,2238.459299,3026.233888
2031,89,23910.99212,12474.86662,12000.46469,1582,794,938.9039516,196.9530182,115.8787384,114.9065857,22500.04297,11577.4503,11826.50098,2826.757892,1268.72676,1871.457593
2031,90,19793.93457,10227.5038,9599.126245,9153,4612,4379.699308,252.2592773,129.4402466,121.2804871,14165.32324,7646.998568,6321.266113,6639.891055,2804.178053,3776.433139
2031,91,19351.76563,9937.906513,9726.953435,1582,588,1015.021266,124.237709,68.00038147,56.08620071,18306.12891,9781.238041,8185.518066,4353.727468,2126.100183,2571.583194
2031,92,21508.41687,11098.42372,10428.34703,2476,1292,1160.273959,108.3165512,56.41984558,52.90788651,16471.0293,8544.306851,7708.208496,4248.646062,2045.038242,2470.698348
2031,93,28690.737,15195.71973,13509.01442,3044,1591,1566.692096,476.9003906,300.2276306,177.8483734,23658.28125,12765.04518,10742.56738,5146.212323,2647.251046,2898.747235
2031,94,21400.84274,10861.31268,10696.74049,1917,1169,1226.422393,155.8060913,82.32646179,88.67433167,18017.41992,9171.211469,7762.994629,3939.061727,1750.096709,2058.013271
2031,95,37429.42696,20502.77794,18035.97761,4612,2312,2381.787702,431.5661316,217.1790161,212.7014771,32867.52344,15435.21383,16437.63281,7937.614271,4149.5102,4962.998374
2031,96,43818.27507,22746.39213,20918.11408,4927,2565,2340.781989,507.9992065,274.9289856,233.1304626,32084.98828,17137.99558,14631.50977,12177.61793,5907.243331,6783.261586
2031,97,28228.30633,14263.33166,13902.42096,2222,1134,1021.768598,330.7968445,183.1751556,146.5055389,24124.39453,12459.70937,11791.90332,4306.703712,2135.219353,2393.969025
2031,98,17931.89288,9168.789558,9145.062966,4658,2282,2360.758914,239.8058777,125.6528244,113.6811905,13878.39551,7254.332746,6594.679199,4618.631531,2083.753893,2614.664658
2031,99,18539.99837,9422.979473,9051.199626,2959,1481,1497.699951,193.230896,95.45028687,99.14427948,13555.37109,7071.945064,6422.273438,4822.152484,2247.122627,2747.009093
2031,100,19967.43539,10304.20755,9739.701714,2679,1301,1401.885937,288.9376221,130.9188232,157.3369141,16698.92578,8623.909703,8122.349609,3603.767042,1792.907165,2070.625391
2031,101,15919.60709,8168.68635,7718.098902,1342,664,574.7141901,179.7203827,100.2437057,78.50163269,12391.24219,6726.859932,5542.410645,4119.880542,1798.447405,2527.299527
2031,102,14221.97298,7191.384044,6967.580693,5509,4202,2614.971626,132.4905243,75.35877228,57.36817169,10683.36816,5343.094754,5027.742676,4299.766715,1818.603915,2572.201928
2031,103,16587.77951,8566.889019,8116.111936,4252,2126,1933.286035,149.9130707,72.87281036,77.62937164,12643.99219,6939.817128,5995.458984,4260.772421,1832.230087,2336.576529
2031,104,24005.8848,12254.08106,11709.06249,3641,1810,1769.950334,152.9978638,80.31483459,70.98062134,19121.12891,10039.08591,9263.03125,4446.300539,2029.247215,2510.502036
2031,105,19297.97289,9004.233743,10021.8988,333,264,350.6481882,60.24998093,43.00527191,47.41384506,16254.97754,7810.768726,8020.339844,2143.870447,1055.658148,1370.345866
2031,106,19661.70783,9741.810544,9766.316356,962,492,543.3916864,90.01065826,40.20471191,48.93270874,17138.61719,8654.123459,8746.481445,2552.555645,1352.608514,1505.741572
2031,107,18343.67816,9317.929288,9044.447773,1397,735,837.6889877,324.0762634,174.7805176,149.9109039,14568.08594,7477.45087,6942.466797,3780.755425,1981.986107,2379.532155
2031,108,12972.91401,6467.610702,6306.761402,1633,844,788.9884144,118.8240356,74.63531494,44.19988251,9746.510742,5182.511703,4789.908203,3139.524767,1480.911723,1840.551082
2031,109,34994.04105,18351.44185,16752.26855,2139,1134,1129.108247,308.1120605,163.8824158,144.7255096,29009.86719,15331.75577,13452.40234,6399.900623,3030.345651,3623.315745
2031,110,39839.61588,20437.58075,17596.61923,2476,1162,1208.330628,716.8450317,321.1148682,192.6597595,31900.19727,15785.79326,14298.50293,8069.019309,4288.657229,4541.200904
2031,111,26243.81628,13978.43725,12118.02697,5535,2894,2709.717063,790.0239258,390.3311462,398.8682861,18442.52344,10461.48731,7849.277344,7553.168391,3659.137155,4451.943553
2031,112,25065.29206,13097.63842,12049.5449,1257,646,720.241749,282.9666138,140.0771484,141.7663116,20573.01563,11138.2942,9559.794922,3970.846398,1895.487341,2133.355777
2031,113,22512.96085,11272.41762,11307.89568,701,361,423.1415553,185.7168274,89.79736328,113.3943024,19606.43555,9876.056556,9511.313477,3341.728059,1480.911723,1962.273687
2031,114,17788.36326,9304.430497,8671.769339,3104,1616,1603.229578,367.7240906,202.8755341,165.2362213,13177.81543,7181.837978,5821.892578,5113.566334,2254.703174,2989.528412
2031,115,16294.04121,8135.005861,8020.490015,2487,1169,1430.369959,92.9671936,47.39128876,45.32458115,13536.90723,6825.366838,6713.133301,2648.375883,1292.207825,1509.301677
2031,116,14888.2328,7510.292614,7467.831807,2013,969,969.8068125,157.5325317,68.49025726,88.04506683,12373.65039,6318.258635,6026.967285,2627.723057,1198.117337,1500.049449
2031,117,16024.55263,7910.023903,7883.410958,553,289,313.3552319,54.06477356,20.20861435,33.34582901,14276.62402,7034.797262,7126.108398,2022.271705,862.8602913,932.4902201
2031,118,18929.2234,9554.987178,9407.827005,6987,3519,3169.564196,88.84631348,44.24871063,44.34802628,12725.47168,7234.771962,5745.67627,6086.31223,2743.027766,3760.551414
2031,119,20990.05522,10912.63037,10649.34941,1582,794,973.7987356,228.1819458,120.5837784,116.4439392,19318.1582,10367.77158,9481.100586,4004.646631,1743.647276,2102.058294
2031,120,25506.33951,13053.48967,12148.6568,2221,1162,1218.474919,245.7269592,127.2979431,116.9371872,19188.13867,10118.43135,8901.05957,5511.942833,2896.784234,3322.890615
2031,121,34961.65599,17321.33801,17435.09358,3516,1762,1741.632602,292.7052002,160.9458618,130.8848419,29064.21094,14917.21507,14626.6123,5878.157935,3091.562009,3195.924169
2031,122,49393.79103,25740.58158,23613.95629,1782,916,928.9138557,197.0163879,103.9299011,93.37210846,36902.72656,19914.26787,17248.33203,12224.83703,6249.247202,6562.586765
2031,123,24644.73414,12536.91087,11914.71787,1770,890,901.3144925,208.9045258,110.5693893,98.10214233,20277.6875,10379.70924,9855.987305,4638.645665,2292.990106,2393.969025
2031,124,19633.473,9905.894622,9794.162236,2611,1271,1192.392018,145.0714874,73.85951233,71.92606354,16863.87891,8947.349619,8104.052734,3447.715399,1481.59521,2007.772353
2031,125,20752.10373,10697.82668,9984.483772,3511,1762,2101.702157,144.8018951,76.1525116,71.59550476,16340.77539,9266.505406,8609.155273,3101.748534,1570.463915,2026.366514
2031,126,19271.90688,9632.461346,9458.991596,9210,4665,4303.456291,46.14521408,19.71758461,26.95454597,14328.64258,7531.981145,6814.258301,4193.86417,1981.986107,2677.905719
2031,127,26632.20459,13616.40464,13030.20587,1582,794,899.5124513,177.1434631,99.0125351,78.06814575,21464.4043,11475.16782,10395.35742,4388.758939,2143.226856,2287.147798
2031,128,35375.19467,18147.37409,17275.88609,1219,630,574.4043521,231.945816,120.3829041,110.6468201,30658.52539,15537.90938,15082.36035,5169.793547,2933.855917,2745.721751
2031,129,44357.61052,23575.88006,20939.06345,3461,1814,1745.435555,451.9033203,240.153183,211.6334229,35639.97656,19235.78222,16479.06055,9441.581929,4740.328939,5013.328885
2031,130,24202.29698,12408.03413,11197.35062,1489,773,925.0597666,258.440918,135.7020721,116.6282349,18587.4707,10210.62209,9224.857422,5868.493433,2685.481466,3602.862666
2031,131,21083.10863,11054.93038,10149.05766,1881,987,945.0102209,200.0113831,112.08004,88.02967072,16548.98633,8778.131542,7670.566895,3975.369977,2110.437916,2223.591694
2031,132,24291.233,13122.16475,11660.10953,3665,1667,1957.886163,305.3884583,193.9338989,144.2225189,25003.69922,11977.029,10735.73535,5716.017419,2563.665684,3032.527743
2031,133,23440.73422,12824.12874,10923.29211,2578,1343,1343.685315,360.9806519,190.0398407,171.7357178,18439.71484,10069.13115,8405.337891,5532.450356,2738.158617,3013.079211
2031,134,25275.22055,12942.44112,12382.17348,1783,904,819.9174164,161.1351318,82.49497986,80.73808289,20908.86719,11125.61055,9962.692383,3975.369977,2175.796399,2144.449543
2031,135,15189.37569,7779.801859,7304.615487,1107,573,500.1677277,95.21704102,45.25880432,49.51330185,13123.18164,6785.81191,6347.413086,2026.138917,1046.903301,1100.535329
2031,136,19771.10783,9755.013789,9322.235027,1125,573,676.4015466,72.50996399,35.63845825,31.16320038,17554.77148,8446.6506,8157.617188,3839.86737,1359.624657,2208.3193
2031,137,30769.40163,15874.65245,14941.11354,5237,2678,2690.629352,254.9073639,147.8143158,109.1680603,23954.28906,12828.90527,11106.58789,7487.280963,3514.84666,4281.36424
2031,138,16679.51111,8120.323166,8049.636252,1234,646,775.0529308,122.3898544,64.75239563,82.24224854,14003.95313,7543.176036,6579.312988,2597.932151,1601.487969,1957.111942
2031,139,35150.39407,17950.24707,16230.57404,9153,4202,3022.091292,436.4172058,212.1987152,192.1179199,23335.73438,13200.73019,10898.18262,9778.058932,4876.775306,5755.03172
2031,140,39708.80913,20390.42395,17595.98294,6540,3499,2303.733586,716.421814,386.5479736,352.2217407,35323.68359,16891.93347,15856.33398,11385.1991,5261.528903,5921.928253
2031,141,40804.04977,21378.85599,19540.54309,4722,2442,2330.630912,963.8581543,471.8439026,491.5500183,31917.4375,17135.13154,14679.55957,9281.331498,4349.578191,5252.103282
2031,142,17342.59207,9000.463553,8296.811331,1341,663,673.1177379,109.171608,55.09353256,54.15703583,14248.72852,7668.477638,6689.770508,2909.419218,1358.880023,1662.763111
2031,143,40897.44579,21170.98672,19481.66186,2561,1305,1293.571984,435.037323,213.0138855,221.0514984,34582.03125,18292.21743,16409.13867,6667.71017,3319.801307,3635.183736
2031,144,26567.56423,14056.67262,12569.22295,2619,1342,1318.743442,375.1769409,197.9748993,178.0046997,20964.54492,11257.99109,9585.486328,5572.982765,2654.942932,3163.426877
2031,145,18783.2107,10014.63482,9121.870737,1443,739,794.7979053,173.181366,86.53916931,99.22727966,13492.59082,8384.234943,5806.161621,5297.97047,2358.508261,3217.877327
2031,146,5918.867806,2911.198326,2913.607898,627,347,244.0311122,53.29011536,34.82492065,19.35613441,3476.396729,2123.745229,1730.133789,2382.91109,1070.316241,1358.87181
2031,147,4484.518704,2179.803111,2302.097838,734,376,423.2487754,106.7583847,57.33345413,53.39484787,3291.118408,1771.515944,1725.78479,913.3000301,459.2378958,584.6845743
2031,148,7351.874629,3780.39277,3810.732696,696,369,464.9006723,84.72322845,44.1264534,43.84822845,4887.085938,2925.134834,2275.036377,2147.489565,919.092282,1390.040744
2031,149,44309.16777,23657.29498,20720.24752,2362,1231,1075.217526,280.9949646,146.8360901,129.6752167,34930.23047,19656.62177,15480.23047,9843.935262,4681.254216,5570.638546
2031,150,24372.05631,12634.98456,11690.55837,1107,585,482.2415267,96.13999176,56.43367767,41.79719162,20061.79297,10406.63214,9441.646484,4754.907989,2271.762249,2822.67182
2031,151,37105.67401,18608.0553,18010.63499,5480,2849,2512.695156,494.7960205,304.1820068,221.1181793,30012.31445,14808.31678,12556.00391,10761.58699,5123.608323,6785.912086
2031,152,15123.48736,8287.491471,7149.417903,848,443,497.7818787,249.0582581,119.6248245,124.8054657,12064.13672,6102.367894,5259.115723,2627.131989,1184.560415,1851.713332
2031,153,6700.95728,3180.389324,3866.833026,1366,735,589.6094258,106.2149048,62.25856781,48.11907196,7067.820801,2148.586665,3201.934814,1822.292666,806.8695629,1081.878165
2031,154,2421.484242,1342.572807,1347.159911,418,218,124.8117783,280.3598633,138.4112244,138.4893188,2234.816406,923.2199586,1203.016113,638.8594197,248.0094987,443.4503098
2031,155,5295.568325,2545.013101,2689.626368,466,237,287.7572818,120.7816238,65.57529449,59.60335159,3325.510742,2144.723497,1653.416504,1469.347235,634.0192356,991.1567936
2031,156,21089.1337,11001.1824,10100.6006,565,293,297.8370719,72.31358337,34.84137726,39.20875168,17202.72656,9776.272084,7902.52002,4013.858397,1874.912154,2273.100525
2031,157,5891.982147,3151.026534,2755.563727,774,401,463.9651514,93.32672882,53.69597626,42.06093979,3525.514648,2393.355909,1751.160522,2152.665287,948.2913693,1289.073611
2031,158,6416.398836,3490.610982,2920.097052,453,246,173.3584261,74.82094574,48.89269257,27.86960983,4026.519287,2421.751289,1887.300415,1967.809568,892.0908514,1101.952011
2031,159,1608.10817,1309.279797,1152.17987,51,27,22.91737017,23.92701149,10.62593079,12.64131927,2021.765381,712.7271102,1071.856567,720.8830107,458.1610163,550.7766432
2031,160,3433.326222,1914.061986,1705.090923,333,180,214.3281242,312.8636475,177.9814758,143.5978394,2554.376465,1462.521589,1195.855469,1295.91699,538.3323184,706.0616299
2031,161,4299.434086,2281.164746,2031.266398,500,256,192.1142188,92.03396606,53.53186417,41.38454437,2641.156006,1694.646965,1345.869873,1385.614396,645.6260231,836.8293949
2031,162,19648.12478,10729.63091,9463.619917,1178,606,792.5889775,48.94282913,25.29933739,26.25449753,10969.41309,7456.832813,4534.870117,4725.566343,2218.560264,3099.007676
2041,1,45855.25331,23978.09092,21854.70569,8626.8,4412.1,4039.535715,1628.480273,862.3480682,764.8145782,36586.60195,19427.25779,16843.06025,9533.904796,,
2041,2,25520.09826,13069.21876,11647.20808,2894.85,1218,1515.003147,179.7848625,133.8410179,78.93007622,21807.64482,11122.43712,10087.09673,6174.03008,,
2041,3,24087.55412,12314.9575,12055.11873,4184.25,2331,2592.337003,269.8006531,143.8617119,121.0103451,18687.20684,10072.91311,8955.033691,5317.853278,,
2041,4,26656.96803,13859.79394,12925.72046,3651.9,1831.2,1816.696913,539.618866,282.9033188,257.3056274,21485.15127,11572.49268,10120.49268,4388.93677,,
2041,5,19529.95751,9947.457995,9535.4788,5891.55,2941.05,2784.523593,259.3324402,127.782906,130.0394382,14997.15205,8028.990213,7168.970874,4479.551221,,
2041,6,28932.24677,16143.12899,12357.64857,5689.95,3029.25,2549.335012,591.161087,395.2193527,195.684906,21582.76846,12994.377,8563.789233,6177.640263,,
2041,7,35316.47469,18228.03549,16890.37675,5838,2934.75,2813.30115,289.9035645,155.0609802,135.0301826,28174.67461,14642.57433,13216.98164,7017.487301,,
2041,8,38503.82743,21162.5339,18333.36621,3288.6,1687.35,2133.735424,306.4699997,150.2253181,141.6955742,29680.57764,15494.27972,12890.06147,8642.174417,,
2041,9,25656.83046,13855.87011,11876.31883,3432.45,1778.7,1735.299339,382.3117676,209.1443916,171.819548,19511.90186,10925.9808,8742.304102,6009.21941,,
2041,10,26331.43946,13633.27672,12739.49305,2606.1,1311.45,1387.575138,134.1940487,71.28624573,62.40993576,20696.79814,11001.3407,9608.478223,5317.853278,,
2041,11,34230.53718,18235.10711,16623.90875,3719.1,1924.65,2325.187725,376.7060532,187.3282928,183.6250305,28127.16621,14182.89217,13142.78643,6566.830318,,
2041,12,26593.85545,13939.9791,12401.78697,2177.7,1099.35,1059.594833,283.6124084,153.2541458,132.4279976,22276.69541,11720.38504,10410.50903,4964.573625,,
2041,13,27189.27454,13987.14813,13243.52933,1670.55,844.2,835.1416938,104.9243694,60.18422928,45.6008234,22359.56338,11975.47501,10657.84658,4373.604882,,
2041,14,19872.35059,9957.277299,9677.001187,4226.25,2106.3,2053.0104,244.7043938,141.1954399,105.1252018,15972.61846,8367.442359,7665.23584,3296.501005,,
2041,15,18240.64771,9204.539596,8969.913299,4237.8,2086.35,2106.510942,206.7761559,102.3466896,102.6165035,14965.08091,8405.719636,7114.389844,2732.54416,,
2041,16,16169.30774,8354.730827,7947.962624,4237.8,2071.65,2113.987656,391.3040268,193.3598488,198.0298622,13040.77236,6974.060612,6167.198071,3519.529943,,
2041,17,16738.53618,8623.718198,8281.979406,4977,2328.9,1965.056957,122.3658955,83.55586967,62.1595602,13816.09175,6582.775754,6639.839575,3538.545727,,
2041,18,15386.59528,7729.738925,7399.859307,4689.3,2328.9,2305.286974,71.4478569,38.96235638,32.14251738,11853.18237,6056.040501,5559.369067,3886.524207,,
2041,19,18569.77479,9570.470784,8949.5964,3798.9,1898.4,1839.774742,118.6997314,62.91408749,55.92466049,13608.11074,7295.313675,6294.525952,5043.973502,,
2041,20,18590.61357,9504.2577,9224.392815,6496.35,3224.55,3193.933401,151.3616272,79.38957939,68.97377357,13950.10313,7421.865441,6314.100146,5308.01716,,
2041,21,18370.42832,9522.076377,8496.036085,3386.25,1687.35,1638.150984,319.0379562,165.8443245,153.370784,14348.69194,7673.694307,6526.341138,4174.138476,,
2041,22,19021.43096,9738.524155,9598.126658,5261.55,2658.6,2525.610805,236.2011818,114.9634724,119.8599049,14025.08994,7313.703454,6512.953125,4770.091924,,
2041,23,16439.68118,7995.885958,8466.921689,1782.9,880.95,941.4545358,638.3581512,297.8638321,339.7564224,13502.80313,6835.833487,6841.44624,2890.668765,,
2041,24,19026.5975,9354.299599,9302.821541,3639.3,1750.35,1976.928829,197.214164,93.88743324,105.4300552,15544.18052,8229.194832,7703.476758,3117.055686,,
2041,25,16900.74318,8540.336854,8263.112687,3935.4,1919.4,1978.557252,237.7243835,116.2516674,122.8106987,13410.25137,6950.253179,6317.519312,3301.981426,,
2041,26,16485.2693,8175.041764,8173.635787,4689.3,2331,2348.21084,291.1706268,151.9603432,144.9859245,14145.55693,6915.943281,6594.898242,2761.0604,,
2041,27,18547.99887,9650.254117,9471.06104,2116.8,1080.45,1084.384548,377.3223129,196.6031754,180.8773682,15547.31411,7919.300938,7576.521094,2963.195171,,
2041,28,33856.15319,17597.67439,15926.69111,2930.55,1485.75,1347.695676,308.5339828,163.35905,142.603157,26158.76074,13989.10027,11948.92412,7189.246127,,
2041,29,24787.75941,12852.97857,11982.85678,2307.9,1193.85,884.0583336,1033.168213,523.3683151,509.9988876,19906.47422,10549.5901,9283.499121,5284.094862,,
2041,30,26082.39444,13310.36951,12847.30611,3719.1,1892.1,1839.518129,447.256485,232.8156624,213.2824356,18847.39541,10383.82163,8827.790918,6863.8501,,
2041,31,15815.01179,7819.663621,7872.476463,1015.35,526.05,515.7560872,59.8609869,30.90953522,28.51834631,14092.10947,7050.444329,7080.614502,1727.383686,,
2041,32,19114.45096,9657.885265,9590.196439,4885.65,2437.05,2305.05967,559.5072144,296.6037231,261.6590515,15504.6312,8025.299322,7348.131738,2990.244584,,
2041,33,20624.74983,10680.11442,10122.24771,2381.4,1186.5,1161.387491,290.8531082,142.7980774,148.7897072,16394.97583,8743.004198,7661.699268,5197.958193,,
2041,34,15444.03159,7775.91111,7768.786278,1732.5,879.9,794.0798242,122.6853207,68.22897949,53.9153595,14028.21021,7121.969037,6984.806104,1692.731596,,
2041,35,15315.65872,7802.085113,7274.292773,984.9,556.5,408.9670344,248.8388809,148.3584984,99.91404648,13834.9292,6986.669647,6551.294019,1868.96787,,
2041,36,13464.37965,6919.776999,6665.643301,2363.55,1180.2,1191.065194,158.5875549,81.85252762,77.13998451,10154.81147,5418.124594,4832.17793,2916.236359,,
2041,37,15597.64781,7986.714692,7698.596829,5667.9,2853.9,2873.253082,367.4290237,196.1360939,169.966507,11971.03872,6491.689749,5369.571826,4160.547576,,
2041,38,14933.75281,7352.657209,7558.255769,4977,2480.1,2474.344996,234.1396179,115.558223,118.5368626,11219.80781,5967.754019,5311.349634,3638.625062,,
2041,39,15239.65354,7657.776608,7554.096058,3027.15,1491,1489.469063,263.642878,148.0011658,116.8045773,12122.5248,6512.044792,5937.030176,2775.140186,,
2041,40,15444.0036,7960.236203,7531.997992,2586.15,1510.95,1375.154543,219.643206,132.9678738,89.22845078,12518.87314,6003.134748,5947.123608,3492.413623,,
2041,41,20195.42172,10585.45674,9531.33566,2529.45,1200.15,941.6654283,250.907254,135.810585,141.5224434,16269.85151,7775.613249,7007.573364,4345.007673,,
2041,42,42434.27656,22489.7384,19981.86616,3715.95,1924.65,1966.4843,476.7745331,249.2175064,227.7289719,33722.63877,17870.45853,15600.72568,9214.393482,,
2041,43,30991.72438,15975.40635,14940.49683,7242.9,3678.15,3524.839868,417.8751984,215.0102509,203.9261948,21263.20137,11644.20099,9376.974756,9845.858994,,
2041,44,28398.96485,14969.06459,13608.69005,6187.65,3079.65,2884.231168,303.5386002,165.1081261,137.9144142,22506.17373,12035.58549,10288.57368,6329.555759,,
2041,45,31510.77709,16122.92752,15244.78736,6039.6,3009.3,2826.870731,258.4028275,135.93368,122.0261627,25151.22832,13501.26749,11563.65718,6408.00932,,
2041,46,15695.63224,7738.87485,7878.201349,1982.4,1006.95,1020.916418,195.4282219,117.9153717,79.84360313,13633.08618,7359.177323,6733.854565,1789.350125,,
2041,47,15138.55801,7672.125891,7522.376735,1765.05,964.95,1154.281723,264.5499001,168.6344284,131.0373676,11945.79155,6133.47667,5906.742188,2947.934628,,
2041,48,17411.26181,8559.620526,8670.09364,1912.05,930.3,813.3884836,153.4145554,70.78273087,84.48696442,14532.39375,7549.095925,7096.321436,2672.319949,,
2041,49,19933.11904,10127.58722,9733.193308,4842.6,2427.6,2440.109056,155.4721619,77.11469421,79.58544502,14472.19409,8142.248941,6454.533032,5455.310811,,
2041,50,16271.92683,8268.561185,8201.810803,187.95,96.6,279.7231944,133.2765003,62.73682308,68.78643951,14462.98608,7063.381378,7251.593774,2252.240646,,
2041,51,14131.33425,7106.931838,7398.863855,123.9,56.7,142.2769448,32.62654381,14.23606982,19.38637762,13192.26152,6795.573033,6715.559033,1417.105993,,
2041,52,12555.46299,6226.430684,6492.09776,128.1,68.25,89.93152441,320.210202,167.7502373,152.3262154,11327.49023,5674.879313,5761.780151,1587.386713,,
2041,53,15894.54329,8168.027202,7983.186562,3153.15,1543.5,1562.26661,229.943367,110.4165459,119.5754311,14381.77515,7412.622938,6766.9875,2565.525332,,
2041,54,17432.00747,8863.26151,8826.665459,1899.45,979.65,943.7839493,123.0811375,68.3951088,55.103615,12194.90508,6428.112417,5440.705737,5814.137195,,
2041,55,14560.1715,7428.862246,7149.483371,1837.5,890.4,997.1340928,150.0390335,77.37082558,70.40251122,11679.06694,6185.299188,5498.478809,3472.998244,,
2041,56,16423.11225,8093.508812,8164.214666,690.9,344.4,359.1912749,87.21725121,47.81299152,40.79104042,14149.79077,7052.367478,7215.012964,1833.281539,,
2041,57,19171.63777,9768.136693,9491.880446,1937.25,985.95,1043.413783,177.8544685,95.49275436,83.50579376,14226.37822,7973.124205,6380.746436,4680.117742,,
2041,58,20670.77582,10597.10349,10234.87324,998.55,522.9,520.8420189,84.61875916,47.03075867,37.22303352,18362.12109,9593.848048,8636.221289,2902.523654,,
2041,59,30627.57313,16133.44002,14769.2772,2594.55,1329.3,1455.353177,294.1644791,152.6325668,143.8983376,22269.76992,12878.18527,9876.756299,8265.083964,,
2041,60,20271.32171,10407.75445,9998.496967,1911,962.85,860.1778417,102.1245323,56.80624409,43.8361702,16034.8207,8383.95514,7792.623193,4405.844857,,
2041,61,36603.25946,19058.06106,18063.70737,1975.05,1036.35,1057.990989,320.2919128,166.4577164,139.5862015,34415.53418,16953.62204,17261.59189,7979.334179,,
2041,62,34947.06418,18031.10444,16994.78183,1853.25,971.25,886.7136311,193.0342232,108.9231926,86.76312332,29206.89844,15291.29715,14076.87114,5788.379126,,
2041,63,19862.3015,10550.15829,9502.15044,1841.7,957.6,879.1445678,154.0669281,83.92175789,71.34572639,16201.3585,8588.242225,7525.722217,3334.630666,,
2041,64,20492.00971,10386.65484,10432.58475,1018.5,535.5,523.9958142,327.5905151,162.5744339,164.7490311,17917.63271,9243.86561,8713.837207,2878.335022,,
2041,65,14414.64067,7221.445862,7371.645393,878.85,457.8,534.3008402,26.33203926,16.70436029,10.17270613,12458.31665,6484.947445,6208.182422,1450.246466,,
2041,66,18195.25747,9261.087856,8695.847206,679.35,334.95,305.2350181,100.7568855,57.39509468,43.10672894,15599.06968,7690.47192,7805.229346,2565.525332,,
2041,67,13706.52185,6488.220285,7234.456671,513.45,227.85,295.8548647,68.09320335,27.82105865,37.42161484,12050.39678,6000.87743,6293.997363,1637.500044,,
2041,68,13390.97037,6714.322057,6658.367482,1450.05,703.5,721.5449238,90.36677856,43.32930679,48.00827637,11216.48452,5669.50568,5586.79314,2032.54215,,
2041,69,13430.48556,6551.40614,6782.783295,94.5,45.15,45.01672221,19.03078737,9.293859243,9.366499758,11931.91084,5992.27545,6129.671338,1171.866659,,
2041,70,12067.30345,5871.276524,6152.287293,90.3,94.5,147.7378224,35.31670418,17.48315649,26.33389578,10664.73105,5262.996489,5194.684277,1298.041129,,
2041,71,12920.86706,6191.366325,7033.695297,513.45,118.65,323.4168255,28.38626719,12.17088304,16.0971508,11081.97173,5621.778554,5340.578906,2392.452725,,
2041,72,15549.74392,8007.806248,8260.228256,72.45,32.55,102.0149022,159.4476814,75.70862732,93.90836563,14140.44946,7280.335422,6438.847119,2035.66793,,
2041,73,16275.53785,8234.873609,8213.835264,840,410.55,526.222343,138.4645523,69.59515228,69.69759521,14520.88066,7320.201699,7128.728394,2206.728942,,
2041,74,16386.34108,7990.419774,8258.685441,5784.45,2776.2,2798.029408,107.2151562,61.96736755,45.15795479,13161.4311,6974.800334,6383.991284,2911.283818,,
2041,75,15395.14002,7787.174134,7509.446358,2116.8,1084.65,1305.323829,14.74821539,7.286838341,3.737669992,13922.42373,6430.586197,6589.135547,2819.196262,,
2041,76,17925.92583,9313.513736,8713.41059,3196.2,1510.95,1393.38943,43.80848866,25.64034519,11.53712454,14095.7127,7344.76161,6482.307275,4958.252301,,
2041,77,17951.05308,9103.100727,8830.139472,990.15,490.35,507.1154948,96.68988991,42.58495731,54.06839905,14651.15859,7421.865441,7067.439258,3614.376434,,
2041,78,15402.25022,7690.046035,7776.959495,1434.3,771.75,778.0651404,37.88651333,26.64444695,15.45375323,13121.88179,6993.844453,6487.144043,2748.524421,,
2041,79,14220.22924,7087.521743,7035.819721,177.45,84,46.43837846,97.72679214,57.86715488,40.33352795,12353.45918,6295.201404,6042.415723,2156.388121,,
2041,80,13981.39362,6951.888108,7082.258268,152.25,76.65,125.3668716,17.89148026,11.60179324,6.522347045,12916.33198,6585.267629,6346.459424,1667.032789,,
2041,81,13554.20735,6812.127876,6986.17577,2607.15,1243.2,1322.469819,97.62520638,43.17805367,53.70370846,11700.37866,5954.25772,5763.071631,2152.770516,,
2041,82,14693.42766,7348.750418,7451.181039,698.25,490.35,363.9270093,135.7099525,67.03115902,55.95375195,12795.12363,6512.044792,6239.870581,2066.200046,,
2041,83,13182.26294,6621.274557,6697.37907,1599.15,791.7,825.1914944,129.2571613,67.35470581,61.06892109,11049.04336,5610.508932,5394.870264,2084.672902,,
2041,84,18402.05573,9042.094894,9262.212616,998.55,522.9,517.0632102,90.13189201,51.20337753,39.68520069,15813.21226,7803.55668,7068.956323,4281.39319,,
2041,85,16213.96395,8137.261723,8102.6395,4171.65,1987.65,2244.324242,50.39733238,24.84974298,24.7533843,12537.74136,6681.803666,5972.981909,4074.209681,,
2041,86,19700.80586,9570.441884,9556.351021,4954.95,2331,2480.262175,140.3157028,76.94272499,63.15086861,14063.16987,7361.209302,6838.893018,5382.910436,,
2041,87,15489.14219,8002.827727,7735.610341,2177.7,1084.65,1115.235501,59.45655441,30.58739634,28.99324436,11671.65439,6024.972375,5486.373047,3833.034665,,
2041,88,19096.96118,9556.360299,9212.808533,8293.95,4053,4030.881128,22.15004568,11.54944825,11.93390465,13911.07881,7538.045538,6493.151807,5153.657175,,
2041,89,25106.54173,13098.60995,12600.48793,1661.1,833.7,985.8491492,206.8006691,121.6726753,120.651915,23625.04512,12156.32282,12417.82603,2968.095787,,
2041,90,20783.6313,10738.87899,10079.08256,9610.65,4842.6,4598.684273,264.8722412,135.9122589,127.3445114,14873.5894,8029.348496,6637.329419,6971.885608,,
2041,91,20319.35391,10434.80184,10213.30111,1661.1,617.4,1065.772329,130.4495945,71.40040054,58.89051075,19221.43535,10270.29994,8594.79397,4571.413842,,
2041,92,22583.83771,11653.3449,10949.76439,2599.8,1356.6,1218.287657,113.7323788,59.24083786,55.55328083,17294.58076,8971.522193,8093.618921,4461.078365,,
2041,93,30125.27385,15955.50572,14184.46514,3196.2,1670.55,1645.026701,500.7454102,315.2390121,186.7407921,24841.19531,13403.29744,11279.69575,5403.52294,,
2041,94,22470.88487,11404.37831,11231.57751,2012.85,1227.45,1287.743513,163.5963959,86.44278488,93.10804825,18918.29092,9629.772042,8151.14436,4136.014813,,
2041,95,39300.89831,21527.91683,18937.7765,4842.6,2427.6,2500.877087,453.1444382,228.0379669,223.3365509,34510.89961,16206.97452,17259.51445,8334.494984,,
2041,96,46009.18882,23883.71173,21964.01978,5173.35,2693.25,2457.821089,533.3991669,288.6754349,244.7869858,33689.2377,17994.89536,15363.08525,12786.49883,,
2041,97,29639.72165,14976.49825,14597.54201,2333.1,1190.7,1072.857028,347.3366867,192.3339134,153.8308159,25330.61426,13082.69483,12381.49849,4522.038898,,
2041,98,18828.48752,9627.229036,9602.316114,4890.9,2396.1,2478.796859,251.7961716,131.9354656,119.36525,14572.31528,7617.049384,6924.413159,4849.563107,,
2041,99,19466.99829,9894.128447,9503.759607,3106.95,1555.05,1572.584949,202.8924408,100.2228012,104.1014935,14233.13965,7425.542317,6743.387109,5063.260108,,
2041,100,20965.80716,10819.41793,10226.6868,2812.95,1366.05,1471.980234,303.3845032,137.4647644,165.2037598,17533.87207,9055.105188,8528.46709,3783.955395,,
2041,101,16715.58745,8577.120668,8104.003847,1409.1,697.2,603.4498996,188.7064018,105.255891,82.42671432,13010.8043,7063.202929,5819.531177,4325.874569,,
2041,102,14933.07162,7550.953246,7315.959728,5784.45,4412.1,2745.720207,139.1150505,79.12671089,60.23658028,11217.53657,5610.249492,5279.12981,4514.755051,,
2041,103,17417.16848,8995.23347,8521.917532,4464.6,2232.3,2029.950337,157.4087242,76.51645088,81.51084023,13276.1918,7286.807985,6295.231934,4473.811042,,
2041,104,25206.17904,12866.78511,12294.51561,3823.05,1900.5,1858.447851,160.647757,84.33057632,74.5296524,20077.18535,10541.04021,9726.182813,4668.615566,,
2041,105,20262.87154,9454.44543,10522.99374,349.65,277.2,368.1805976,63.26247997,45.15553551,49.78453732,17067.72642,8201.307162,8421.356836,2251.063969,,
2041,106,20644.79322,10228.90107,10254.63217,1010.1,516.6,570.5612707,94.51119118,42.21494751,51.37934418,17995.54805,9086.829632,9183.805518,2680.183427,,
2041,107,19260.86206,9783.825752,9496.670162,1466.85,771.75,879.5734371,340.2800766,183.5195435,157.4064491,15296.49023,7851.323414,7289.590137,3969.793196,,
2041,108,13621.55971,6790.991237,6622.099472,1714.65,886.2,828.4378351,124.7652374,78.36708069,46.40987663,10233.83628,5441.637288,5029.403613,3296.501005,,
2041,109,36743.7431,19269.01394,17589.88198,2245.95,1190.7,1185.563659,323.5176636,172.0765366,151.9617851,30460.36055,16098.34356,14125.02246,6719.895655,,
2041,110,41831.59667,21459.45979,18476.45019,2599.8,1220.1,1268.74716,752.6872833,337.1706116,202.2927475,33495.20713,16575.08293,15013.42808,8472.470274,,
2041,111,27556.00709,14677.35912,12723.92831,5811.75,3038.7,2845.202916,829.5251221,409.8477036,418.8117004,19364.64961,10984.56168,8241.741211,7930.826811,,
2041,112,26318.55667,13752.52034,12652.02215,1319.85,678.3,756.2538364,297.1149445,147.0810059,148.8546272,21601.66641,11695.20891,10037.78467,4169.388717,,
2041,113,23638.60889,11836.0385,11873.29047,736.05,379.05,444.2986331,195.0026688,94.28723145,119.0640175,20586.75732,10369.85938,9986.87915,3508.814462,,
2041,114,18677.78142,9769.652021,9105.357806,3259.2,1696.8,1683.391057,386.1102951,213.0193108,173.4980324,13836.7062,7540.929876,6112.987207,5369.244651,,
2041,115,17108.74327,8541.756154,8421.514516,2611.35,1227.45,1501.888457,97.61555328,49.7608532,47.5908102,14213.75259,7166.63518,7048.789966,2780.794677,,
2041,116,15632.64444,7885.807245,7841.223398,2113.65,1017.45,1018.297153,165.4091583,71.91477013,92.44732018,12992.33291,6634.171567,6328.315649,2759.10921,,
2041,117,16825.78026,8305.525098,8277.581506,580.65,303.45,329.0229935,56.76801224,21.21904507,35.01312046,14990.45522,7386.537125,7482.413818,2123.38529,,
2041,118,19875.68457,10032.73654,9878.218355,7336.35,3694.95,3328.042406,93.28862915,46.46114616,46.56542759,13361.74526,7596.51056,6032.960083,6390.627842,,
2041,119,22039.55798,11458.26189,11181.81688,1661.1,833.7,1022.488672,239.5910431,126.6129673,122.2661362,20284.06611,10886.16016,9955.155615,4204.878963,,
2041,120,26781.65649,13706.16415,12756.08964,2332.05,1220.1,1279.398665,258.0133072,133.6628403,122.7840466,20147.54561,10624.35292,9346.112549,5787.539975,,
2041,121,36709.73879,18187.40491,18306.84826,3691.8,1850.1,1828.714232,307.3404602,168.9931549,137.429084,30517.42148,15663.07582,15357.94292,6172.065832,,
2041,122,51863.48058,27027.61066,24794.65411,1871.1,961.8,975.3595485,206.8672073,109.1263962,98.04071388,38747.86289,20909.98126,18110.74863,12836.07889,,
2041,123,25876.97085,13163.75641,12510.45377,1858.5,934.5,946.3802171,219.349752,116.0978588,103.0072495,21291.57188,10898.6947,10348.78667,4870.577948,,
2041,124,20615.14665,10401.18935,10283.87035,2741.55,1334.55,1252.011619,152.3250618,77.55248795,75.52236671,17707.07285,9394.7171,8509.255371,3620.101169,,
2041,125,21789.70891,11232.71802,10483.70796,3686.55,1850.1,2206.787264,152.0419899,79.96013718,75.17528,17157.81416,9729.830676,9039.613037,3256.835961,,
2041,126,20235.50223,10114.08441,9931.941176,9670.5,4898.25,4518.629105,48.45247478,20.70346384,28.30227327,15045.07471,7908.580202,7154.971216,4403.557378,,
2041,127,27963.81482,14297.22487,13681.71616,1661.1,833.7,944.4880738,186.0006363,103.9631618,81.97155304,22537.62451,12048.92621,10915.12529,4608.196886,,
2041,128,37143.95441,19054.74279,18139.68039,1279.95,661.5,603.1245697,243.5431068,126.4020493,116.1791611,32191.45166,16314.80485,15836.47837,5428.283225,,
2041,129,46575.49104,24754.67406,21986.01662,3634.05,1904.7,1832.707332,474.4984863,252.1608421,222.215094,37421.97539,20197.57133,17303.01357,9913.661026,,
2041,130,25412.41183,13028.43583,11757.21815,1563.45,811.65,971.3127549,271.3629639,142.4871758,122.4596466,19516.84424,10721.15319,9686.100293,6161.918104,,
2041,131,22137.26406,11607.6769,10656.51055,1975.05,1036.35,992.2607319,210.0119522,117.684042,92.43115425,17376.43564,9217.038119,8054.095239,4174.138476,,
2041,132,25505.79465,13778.27299,12243.115,3848.25,1750.35,2055.780471,320.6578812,203.6305939,151.4336449,26253.88418,12575.88044,11272.52212,6001.81829,,
2041,133,24612.77093,13465.33518,11469.45672,2706.9,1410.15,1410.869581,379.0296844,199.5418327,180.3225037,19361.70059,10572.58771,8825.604785,5809.072874,,
2041,134,26538.98158,13589.56318,13001.28216,1872.15,949.2,860.9132872,169.1918884,86.61972885,84.77498703,21954.31055,11681.89108,10460.827,4174.138476,,
2041,135,15948.84447,8168.791952,7669.846261,1162.35,601.65,525.1761141,99.97789307,47.52174454,51.98896694,13779.34072,7125.102506,6664.78374,2127.445863,,
2041,136,20759.66323,10242.76448,9788.346778,1181.25,601.65,710.2216239,76.13546219,37.42038116,32.7213604,18432.51006,8868.98313,8565.498047,4031.860739,,
2041,137,32307.87171,16668.38507,15688.16921,5498.85,2811.9,2825.160819,267.6527321,155.2050316,114.6264633,25152.00352,13470.35054,11661.91729,7861.645011,,
2041,138,17513.48666,8526.339324,8452.118064,1295.7,678.3,813.8055773,128.5093472,67.99001541,86.35436096,14704.15078,7920.334838,6908.278638,2727.828759,,
2041,139,36907.91378,18847.75943,17042.10274,9610.65,4412.1,3173.195857,458.2380661,222.808651,201.7238159,24502.52109,13860.7667,11443.09175,10266.96188,,
2041,140,41694.24959,21409.94515,18475.78209,6867,3673.95,2418.920265,752.2429047,405.8753723,369.8328278,37089.86777,17736.53014,16649.15068,11954.45905,,
2041,141,42844.25226,22447.79879,20517.57024,4958.1,2564.1,2447.162457,1012.051062,495.4360977,516.1275192,33513.30938,17991.88812,15413.53755,9745.398073,,
2041,142,18209.72168,9450.486731,8711.651897,1408.05,696.15,706.7736247,114.6301884,57.84820919,56.86488762,14961.16494,8051.90152,7024.259033,3054.890179,,
2041,143,42942.31808,22229.53606,20455.74495,2689.05,1370.25,1358.250583,456.7891891,223.6645798,232.1040733,36311.13281,19206.8283,17229.59561,7001.095679,,
2041,144,27895.94244,14759.50626,13197.68409,2749.95,1409.1,1384.680614,393.935788,207.8736443,186.9049347,22012.77217,11820.89064,10064.76064,5851.631904,,
2041,145,19722.37123,10515.36656,9577.964274,1515.15,775.95,834.5378006,181.8404343,90.86612778,104.1886436,14167.22036,8803.44669,6096.469702,5562.868993,,
2041,146,6214.811196,3056.758243,3059.288292,658.35,364.35,256.2326679,55.95462112,36.56616669,20.32394114,3650.216565,2229.932491,1816.640479,2502.056645,,
2041,147,4708.744639,2288.793267,2417.20273,770.7,394.8,444.4112141,112.0963039,60.20012684,56.06459026,3455.674329,1860.091741,1812.07403,958.9650316,,
2041,148,7719.46836,3969.412408,4001.269331,730.8,387.45,488.1457059,88.95938988,46.33277607,46.04063988,5131.440234,3071.391576,2388.788196,2254.864044,,
2041,149,46524.62616,24840.15973,21756.2599,2480.1,1292.55,1128.978403,295.0447128,154.1778946,136.1589775,36676.74199,20639.45286,16254.24199,10336.13202,,
2041,150,25590.65912,13266.73379,12275.08629,1162.35,614.25,506.353603,100.9469913,59.25536156,43.8870512,21064.88262,10926.96374,9913.728809,4992.653388,,
2041,151,38960.95771,19538.45807,18911.16674,5754,2991.45,2638.329914,519.5358215,319.3911072,232.1740883,31512.93018,15548.73262,13183.8041,11299.66634,,
2041,152,15879.66173,8701.866044,7506.888798,890.4,465.15,522.6709727,261.511171,125.6060658,131.045739,12667.34355,6407.486289,5522.071509,2758.488588,,
2041,153,7036.005144,3339.40879,4060.174677,1434.3,771.75,619.0898971,111.52565,65.3714962,50.52502556,7421.211841,2256.015998,3362.031555,1913.407299,,
2041,154,3466.013749,1409.701447,1414.517907,438.9,228.9,131.0523672,294.3778564,145.3317856,145.4137848,2346.557227,969.3809566,1263.166919,670.8023907,,
2041,155,5745.120799,2672.263756,2824.107686,489.3,248.85,302.1451459,126.820705,68.85405922,62.58351917,3491.786279,2251.959672,1736.087329,1542.814597,,
2041,156,22143.59038,11551.24152,10605.63063,593.25,307.65,312.7289255,75.92926254,36.58344612,41.16918926,18062.86289,10265.08569,8297.646021,4214.551316,,
2041,157,6186.581255,3308.577861,2893.341914,812.7,421.05,487.1634089,97.99306526,56.38077507,44.16398678,3701.790381,2513.023704,1838.718549,2260.298551,,
2041,158,6737.218778,3665.141531,3066.101904,475.65,258.3,182.0263474,78.56199303,51.33732719,29.26309032,4227.845251,2542.838853,1981.665436,2066.200046,,
2041,159,3466.013749,1374.743786,1209.788864,53.55,28.35,24.06323868,25.12336206,11.15722733,13.27338524,2122.85365,748.3634657,1125.449396,756.9271612,,
2041,160,3674.287521,2009.765086,1790.345469,349.65,189,225.0445304,328.5068298,186.8805496,150.7777313,2682.095288,1535.647669,1255.648242,1360.71284,,
2041,161,4514.40579,2395.222984,2132.829718,525,268.8,201.7199298,96.63566437,56.20845737,43.45377159,2773.213806,1779.379313,1413.163367,1454.895116,,
2041,162,20630.53102,11266.11246,9936.800913,1236.9,636.3,832.2184264,51.38997059,26.56430426,27.5672224,11517.88374,7829.674454,4761.613623,4961.84466,,
